{
  "threshold": 0.6781812310218811,
  "target_recall": 0.95,
  "achieved_recall": 0.95,
  "precision_at_threshold": 1.0,
  "auc_roc": 1.0,
  "temperature": 1.0,
  "val_samples": 40,
  "duration_s": 0.035613059997558594
}